Dato;Beløp;Originalt Beløp;Original Valuta;Til konto;Til kontonummer;Fra konto;Fra kontonummer;Type;Tekst;KID;Hovedkategori;Underkategori
2026-04-15;5250,00;5250,00;NOK;BULDER BRUKSKONTO;3600.10.00001;;;Betaling;Kundeutbytte Bulder 2025;;;
2026-04-23;0,00;0,00;NOK;;1111.22.33333;BULDER BRUKSKONTO;3600.10.00001;Efaktura;Kari Nordmann;12345678901234567890;Hus og hjem;Strøm
2026-04-24;-20000,00;-20000,00;NOK;BULDER BRUKSKONTO;3600.10.00001;Buffer;3600.10.00002;Overføring;;;;
2026-04-24;-3200,00;-3200,00;NOK;;2222.33.44444;BULDER BRUKSKONTO;3600.10.00001;Betaling;2222.33.44444;;Ukategorisert;Andre betalinger
2026-04-24;20000,00;20000,00;NOK;BULDER BRUKSKONTO;3600.10.00001;Buffer;3600.10.00002;Overføring;;;;
2026-04-24;0,00;0,00;NOK;;3333.44.55555;BULDER BRUKSKONTO;3600.10.00001;Efaktura;Kari Nordmann;0012345678901;Hus og hjem;Strøm
2026-04-24;-15000,00;-15000,00;NOK;;9000.12.34567;BULDER BRUKSKONTO;3600.10.00001;Betaling;9000.12.34567;;Ukategorisert;Andre betalinger
2026-04-30;12000,00;12000,00;NOK;BULDER BRUKSKONTO;3600.10.00001;Regninger;3600.10.00003;Overføring;;;;
2026-04-30;-12000,00;-12000,00;NOK;BULDER BRUKSKONTO;3600.10.00001;Regninger;3600.10.00003;Overføring;;;;
2026-05-01;48,00;48,00;NOK;Buffer;3600.10.00002;;;Renter;KREDITRENTER;;Inntekter;Renter
2026-05-01;-15500,00;-15500,00;NOK;BULDER BOLIGLÅN;3600.20.00001;BULDER BRUKSKONTO;3600.10.00001;Betaling;Nedbetaling lån;;Hus og hjem;Lån
2026-05-01;350,00;350,00;NOK;Regninger;3600.10.00003;;;Renter;KREDITRENTER;;Inntekter;Renter
2026-05-01;15500,00;15500,00;NOK;BULDER BOLIGLÅN;3600.20.00001;BULDER BRUKSKONTO;3600.10.00001;Betaling;Nedbetaling lån;;Hus og hjem;Lån
2026-05-01;-15500,00;-15500,00;NOK;;;BULDER BOLIGLÅN;3600.20.00001;Betaling;Renter;;Inntekter;Renter
2026-05-04;-1000,00;-1000,00;NOK;;4444.55.66661;Regninger;3600.10.00003;Betaling;Kjøp fond;;Sparing;Aksjer og fond
2026-05-04;-2500,00;-2500,00;NOK;;4444.55.66662;Regninger;3600.10.00003;Betaling;Kjøp fond;;Sparing;Aksjer og fond
2026-05-06;-80000,00;-80000,00;NOK;;5555.66.77778;BULDER BRUKSKONTO;3600.10.00001;Betaling;BILFINANS AS;;Bil;Billån
2026-05-06;80000,00;80000,00;NOK;BULDER BRUKSKONTO;3600.10.00001;Regninger;3600.10.00003;Overføring;;;;
2026-05-06;-80000,00;-80000,00;NOK;BULDER BRUKSKONTO;3600.10.00001;Regninger;3600.10.00003;Overføring;;;;
2026-05-12;10000,00;10000,00;NOK;BULDER BRUKSKONTO;3600.10.00001;;9000.12.34567;Betaling;Fra: Kari Nordmann Betalt: 12.05.26;;;
2026-05-13;30000,00;30000,00;NOK;Regninger;3600.10.00003;;9000.12.34567;Betaling;Fra: Kari Nordmann Betalt: 13.05.26;;;
2026-05-13;-248,00;-248,00;NOK;;Bakeriet;BULDER BRUKSKONTO;3600.10.00001;Betaling;Bakeriet;;Mat og drikke;Bakervarer
2026-05-13;-25,00;-25,00;NOK;;SATS;BULDER BRUKSKONTO;3600.10.00001;Betaling;SATS;;Helse og velvære;Treningssenter
2026-05-13;-150,00;-150,00;NOK;;Kafeen - Vipps;BULDER BRUKSKONTO;3600.10.00001;Betaling;Kafeen - Vipps;;Mat og drikke;Kafe
2026-05-14;-96,00;-96,00;NOK;;EasyPark;BULDER BRUKSKONTO;3600.10.00001;Betaling;EasyPark;;Bil;Parkering
2026-05-14;-129,00;-129,00;NOK;;Apple;BULDER BRUKSKONTO;3600.10.00001;Betaling;Apple;;Media;Internettjenester
2026-05-14;-79,00;-79,00;NOK;;Apple;BULDER BRUKSKONTO;3600.10.00001;Betaling;Apple;;Media;Internettjenester
2026-05-14;-59,00;-59,00;NOK;;Apple;BULDER BRUKSKONTO;3600.10.00001;Betaling;Apple;;Media;Internettjenester
